segundo,emocion,confianza
0.0,No_Detectado,0.0
2.0,No_Detectado,0.0
4.0,No_Detectado,0.0
6.0,No_Detectado,0.0
8.0,No_Detectado,0.0
10.0,Sad,0.2917827367782593
12.0,Happy,0.5939419269561768
12.0,Happy,0.8361884951591492
14.0,Happy,0.31875067949295044
14.0,Happy,0.323434054851532
16.0,Neutral,0.4721572995185852
16.0,Angry,0.25841519236564636
18.0,Neutral,0.27887123823165894
18.0,Angry,0.26539257168769836
20.0,Sad,0.24514588713645935
20.0,Neutral,0.3107989728450775
22.0,Fear,0.2803175151348114
22.0,Angry,0.32351022958755493
24.0,Angry,0.35336506366729736
24.0,Angry,0.35076478123664856
26.0,Sad,0.2565297484397888
28.0,Neutral,0.45943909883499146
28.0,Angry,0.3244088292121887
30.0,Fear,0.29902946949005127
30.0,Angry,0.30387234687805176
32.0,Surprise,0.3091910183429718
32.0,Sad,0.22439438104629517
34.0,Angry,0.3804129958152771
36.0,Angry,0.2842518985271454
38.0,Sad,0.29503947496414185
38.0,Neutral,0.27691271901130676
38.0,Sad,0.286884069442749
40.0,Happy,0.5546984076499939
42.0,Neutral,0.3258773684501648
42.0,Happy,0.3354337215423584
44.0,Angry,0.3284905254840851
44.0,Surprise,0.38156867027282715
46.0,Angry,0.32777056097984314
48.0,Neutral,0.3016812205314636
48.0,Happy,0.45512810349464417
50.0,Neutral,0.26633235812187195
50.0,Happy,0.3607906103134155
52.0,Neutral,0.41395583748817444
52.0,Angry,0.26058056950569153
54.0,Neutral,0.3307308256626129
54.0,Angry,0.23286335170269012
56.0,Angry,0.38484305143356323
58.0,Happy,0.2726200819015503
60.0,Angry,0.29343917965888977
60.0,Angry,0.2802269160747528
62.0,Angry,0.2717423439025879
64.0,Happy,0.6598029732704163
64.0,Angry,0.291485995054245
66.0,Happy,0.6286601424217224
66.0,Angry,0.3161126375198364
68.0,Neutral,0.4220350682735443
68.0,Sad,0.27824708819389343
70.0,Neutral,0.28681841492652893
70.0,Angry,0.27033504843711853
72.0,Fear,0.2705039381980896
72.0,Fear,0.38563284277915955
74.0,Fear,0.2992819845676422
76.0,Sad,0.2610930800437927
78.0,Sad,0.2429252415895462
80.0,No_Detectado,0.0
82.0,Happy,0.2821485698223114
84.0,No_Detectado,0.0
86.0,No_Detectado,0.0
88.0,No_Detectado,0.0
90.0,Happy,0.5043647885322571
92.0,No_Detectado,0.0
94.0,No_Detectado,0.0
96.0,No_Detectado,0.0
98.0,No_Detectado,0.0
100.0,No_Detectado,0.0
102.0,No_Detectado,0.0
104.0,No_Detectado,0.0
106.0,No_Detectado,0.0
108.0,No_Detectado,0.0
110.0,No_Detectado,0.0
112.0,No_Detectado,0.0
114.0,No_Detectado,0.0
116.0,No_Detectado,0.0
118.0,No_Detectado,0.0
120.0,No_Detectado,0.0
122.0,Happy,0.42830103635787964
124.0,No_Detectado,0.0
126.0,No_Detectado,0.0
128.0,No_Detectado,0.0
130.0,Sad,0.42547065019607544
132.0,No_Detectado,0.0
134.0,No_Detectado,0.0
136.0,Sad,0.3282313942909241
138.0,Sad,0.3074395954608917
140.0,No_Detectado,0.0
142.0,No_Detectado,0.0
144.0,No_Detectado,0.0
146.0,No_Detectado,0.0
148.0,No_Detectado,0.0
150.0,No_Detectado,0.0
152.0,No_Detectado,0.0
154.0,Happy,0.3475882411003113
156.0,No_Detectado,0.0
158.0,Neutral,0.3188742399215698
160.0,No_Detectado,0.0
162.0,Fear,0.2983322739601135
164.0,No_Detectado,0.0
166.0,No_Detectado,0.0
168.0,Sad,0.2601051926612854
170.0,No_Detectado,0.0
172.0,No_Detectado,0.0
174.0,Neutral,0.3306095600128174
176.0,No_Detectado,0.0
178.0,Sad,0.4316186308860779
180.0,No_Detectado,0.0
182.0,No_Detectado,0.0
184.0,Sad,0.4344133138656616
186.0,No_Detectado,0.0
188.0,No_Detectado,0.0
190.0,Sad,0.28629499673843384
192.0,No_Detectado,0.0
194.0,Fear,0.34144288301467896
196.0,No_Detectado,0.0
198.0,Sad,0.4754687249660492
200.0,No_Detectado,0.0
202.0,No_Detectado,0.0
204.0,No_Detectado,0.0
206.0,Happy,0.8117144703865051
208.0,Happy,0.6733293533325195
210.0,Happy,0.49246999621391296
212.0,Happy,0.5229593515396118
214.0,No_Detectado,0.0
216.0,No_Detectado,0.0
218.0,No_Detectado,0.0
220.0,No_Detectado,0.0
222.0,No_Detectado,0.0
224.0,No_Detectado,0.0
226.0,No_Detectado,0.0
228.0,No_Detectado,0.0
230.0,Sad,0.29212406277656555
232.0,No_Detectado,0.0
234.0,No_Detectado,0.0
236.0,No_Detectado,0.0
238.0,No_Detectado,0.0
240.0,No_Detectado,0.0
242.0,No_Detectado,0.0
244.0,No_Detectado,0.0
246.0,No_Detectado,0.0
248.0,No_Detectado,0.0
250.0,No_Detectado,0.0
252.0,No_Detectado,0.0
254.0,No_Detectado,0.0
256.0,No_Detectado,0.0
258.0,No_Detectado,0.0
260.0,No_Detectado,0.0
262.0,No_Detectado,0.0
264.0,Sad,0.30350300669670105
266.0,No_Detectado,0.0
268.0,No_Detectado,0.0
270.0,No_Detectado,0.0
272.0,No_Detectado,0.0
274.0,No_Detectado,0.0
276.0,No_Detectado,0.0
278.0,Happy,0.36508145928382874
280.0,No_Detectado,0.0
282.0,No_Detectado,0.0
284.0,No_Detectado,0.0
286.0,No_Detectado,0.0
288.0,No_Detectado,0.0
290.0,No_Detectado,0.0
292.0,No_Detectado,0.0
294.0,No_Detectado,0.0
296.0,No_Detectado,0.0
298.0,No_Detectado,0.0
300.0,No_Detectado,0.0
302.0,No_Detectado,0.0
304.0,No_Detectado,0.0
306.0,No_Detectado,0.0
308.0,No_Detectado,0.0
310.0,No_Detectado,0.0
312.0,No_Detectado,0.0
314.0,No_Detectado,0.0
316.0,No_Detectado,0.0
318.0,No_Detectado,0.0
320.0,No_Detectado,0.0
322.0,No_Detectado,0.0
324.0,No_Detectado,0.0
326.0,No_Detectado,0.0
328.0,No_Detectado,0.0
330.0,No_Detectado,0.0
332.0,No_Detectado,0.0
334.0,No_Detectado,0.0
336.0,No_Detectado,0.0
338.0,No_Detectado,0.0
340.0,No_Detectado,0.0
342.0,No_Detectado,0.0
344.0,No_Detectado,0.0
346.0,No_Detectado,0.0
348.0,No_Detectado,0.0
350.0,No_Detectado,0.0
352.0,No_Detectado,0.0
354.0,No_Detectado,0.0
356.0,No_Detectado,0.0
358.0,No_Detectado,0.0
360.0,No_Detectado,0.0
362.0,No_Detectado,0.0
364.0,No_Detectado,0.0
366.0,No_Detectado,0.0
368.0,No_Detectado,0.0
370.0,No_Detectado,0.0
372.0,No_Detectado,0.0
374.0,No_Detectado,0.0
376.0,No_Detectado,0.0
378.0,No_Detectado,0.0
380.0,No_Detectado,0.0
382.0,No_Detectado,0.0
384.0,No_Detectado,0.0
386.0,No_Detectado,0.0
388.0,No_Detectado,0.0
390.0,No_Detectado,0.0
392.0,No_Detectado,0.0
394.0,No_Detectado,0.0
396.0,No_Detectado,0.0
398.0,No_Detectado,0.0
400.0,No_Detectado,0.0
402.0,No_Detectado,0.0
404.0,No_Detectado,0.0
406.0,No_Detectado,0.0
408.0,Sad,0.3614775836467743
410.0,No_Detectado,0.0
412.0,No_Detectado,0.0
414.0,No_Detectado,0.0
416.0,Sad,0.2903832197189331
418.0,Sad,0.36559513211250305
420.0,No_Detectado,0.0
422.0,No_Detectado,0.0
424.0,Sad,0.3609097898006439
426.0,No_Detectado,0.0
428.0,Sad,0.33397021889686584
430.0,No_Detectado,0.0
432.0,No_Detectado,0.0
434.0,No_Detectado,0.0
436.0,No_Detectado,0.0
438.0,No_Detectado,0.0
440.0,No_Detectado,0.0
442.0,No_Detectado,0.0
444.0,No_Detectado,0.0
446.0,No_Detectado,0.0
448.0,No_Detectado,0.0
450.0,No_Detectado,0.0
452.0,No_Detectado,0.0
454.0,No_Detectado,0.0
456.0,No_Detectado,0.0
458.0,No_Detectado,0.0
460.0,No_Detectado,0.0
462.0,No_Detectado,0.0
464.0,No_Detectado,0.0
466.0,No_Detectado,0.0
468.0,No_Detectado,0.0
470.0,No_Detectado,0.0
472.0,No_Detectado,0.0
474.0,No_Detectado,0.0
476.0,No_Detectado,0.0
478.0,No_Detectado,0.0
480.0,No_Detectado,0.0
482.0,No_Detectado,0.0
484.0,No_Detectado,0.0
486.0,No_Detectado,0.0
488.0,No_Detectado,0.0
490.0,No_Detectado,0.0
492.0,No_Detectado,0.0
494.0,No_Detectado,0.0
496.0,No_Detectado,0.0
498.0,No_Detectado,0.0
500.0,No_Detectado,0.0
502.0,No_Detectado,0.0
504.0,No_Detectado,0.0
506.0,No_Detectado,0.0
508.0,No_Detectado,0.0
510.0,No_Detectado,0.0
512.0,No_Detectado,0.0
514.0,No_Detectado,0.0
516.0,No_Detectado,0.0
518.0,No_Detectado,0.0
520.0,No_Detectado,0.0
522.0,No_Detectado,0.0
524.0,No_Detectado,0.0
526.0,Fear,0.36140313744544983
528.0,No_Detectado,0.0
530.0,No_Detectado,0.0
532.0,No_Detectado,0.0
534.0,No_Detectado,0.0
536.0,No_Detectado,0.0
538.0,No_Detectado,0.0
540.0,No_Detectado,0.0
542.0,No_Detectado,0.0
544.0,No_Detectado,0.0
546.0,No_Detectado,0.0
548.0,No_Detectado,0.0
550.0,No_Detectado,0.0
552.0,No_Detectado,0.0
554.0,No_Detectado,0.0
556.0,No_Detectado,0.0
558.0,No_Detectado,0.0
560.0,No_Detectado,0.0
562.0,No_Detectado,0.0
564.0,No_Detectado,0.0
566.0,Sad,0.3673069179058075
568.0,No_Detectado,0.0
570.0,No_Detectado,0.0
572.0,No_Detectado,0.0
574.0,No_Detectado,0.0
576.0,No_Detectado,0.0
578.0,No_Detectado,0.0
580.0,Sad,0.33094528317451477
582.0,No_Detectado,0.0
584.0,No_Detectado,0.0
586.0,No_Detectado,0.0
588.0,No_Detectado,0.0
590.0,No_Detectado,0.0
592.0,No_Detectado,0.0
594.0,Sad,0.2752980589866638
596.0,No_Detectado,0.0
598.0,No_Detectado,0.0
600.0,No_Detectado,0.0
602.0,No_Detectado,0.0
604.0,No_Detectado,0.0
606.0,No_Detectado,0.0
608.0,No_Detectado,0.0
610.0,No_Detectado,0.0
612.0,No_Detectado,0.0
614.0,No_Detectado,0.0
616.0,No_Detectado,0.0
618.0,No_Detectado,0.0
620.0,No_Detectado,0.0
622.0,No_Detectado,0.0
624.0,No_Detectado,0.0
626.0,No_Detectado,0.0
628.0,No_Detectado,0.0
630.0,Neutral,0.38436025381088257
632.0,No_Detectado,0.0
634.0,No_Detectado,0.0
636.0,No_Detectado,0.0
638.0,No_Detectado,0.0
640.0,No_Detectado,0.0
642.0,No_Detectado,0.0
644.0,No_Detectado,0.0
646.0,No_Detectado,0.0
648.0,No_Detectado,0.0
650.0,No_Detectado,0.0
652.0,No_Detectado,0.0
654.0,No_Detectado,0.0
656.0,No_Detectado,0.0
658.0,No_Detectado,0.0
660.0,No_Detectado,0.0
662.0,No_Detectado,0.0
664.0,No_Detectado,0.0
666.0,No_Detectado,0.0
668.0,No_Detectado,0.0
670.0,No_Detectado,0.0
672.0,No_Detectado,0.0
674.0,No_Detectado,0.0
676.0,No_Detectado,0.0
678.0,No_Detectado,0.0
680.0,No_Detectado,0.0
682.0,No_Detectado,0.0
684.0,No_Detectado,0.0
686.0,No_Detectado,0.0
688.0,No_Detectado,0.0
690.0,No_Detectado,0.0
692.0,No_Detectado,0.0
694.0,No_Detectado,0.0
696.0,No_Detectado,0.0
698.0,No_Detectado,0.0
700.0,No_Detectado,0.0
702.0,No_Detectado,0.0
704.0,No_Detectado,0.0
706.0,No_Detectado,0.0
708.0,No_Detectado,0.0
710.0,No_Detectado,0.0
712.0,No_Detectado,0.0
714.0,No_Detectado,0.0
716.0,No_Detectado,0.0
718.0,No_Detectado,0.0
720.0,No_Detectado,0.0
722.0,No_Detectado,0.0
724.0,No_Detectado,0.0
726.0,No_Detectado,0.0
728.0,Happy,0.29305681586265564
730.0,No_Detectado,0.0
732.0,No_Detectado,0.0
734.0,Sad,0.34740889072418213
736.0,No_Detectado,0.0
738.0,No_Detectado,0.0
740.0,No_Detectado,0.0
742.0,No_Detectado,0.0
744.0,No_Detectado,0.0
746.0,No_Detectado,0.0
748.0,No_Detectado,0.0
750.0,No_Detectado,0.0
752.0,No_Detectado,0.0
754.0,No_Detectado,0.0
756.0,No_Detectado,0.0
758.0,No_Detectado,0.0
760.0,No_Detectado,0.0
762.0,No_Detectado,0.0
764.0,No_Detectado,0.0
766.0,No_Detectado,0.0
768.0,No_Detectado,0.0
770.0,No_Detectado,0.0
772.0,No_Detectado,0.0
774.0,No_Detectado,0.0
776.0,No_Detectado,0.0
778.0,No_Detectado,0.0
780.0,No_Detectado,0.0
782.0,No_Detectado,0.0
784.0,No_Detectado,0.0
786.0,No_Detectado,0.0
788.0,No_Detectado,0.0
790.0,No_Detectado,0.0
792.0,No_Detectado,0.0
794.0,No_Detectado,0.0
796.0,No_Detectado,0.0
798.0,No_Detectado,0.0
800.0,No_Detectado,0.0
802.0,No_Detectado,0.0
804.0,No_Detectado,0.0
806.0,No_Detectado,0.0
808.0,No_Detectado,0.0
810.0,No_Detectado,0.0
812.0,No_Detectado,0.0
814.0,Sad,0.2931798994541168
816.0,No_Detectado,0.0
818.0,No_Detectado,0.0
820.0,No_Detectado,0.0
822.0,No_Detectado,0.0
824.0,No_Detectado,0.0
826.0,No_Detectado,0.0
828.0,No_Detectado,0.0
830.0,No_Detectado,0.0
832.0,No_Detectado,0.0
834.0,No_Detectado,0.0
836.0,No_Detectado,0.0
838.0,No_Detectado,0.0
840.0,No_Detectado,0.0
842.0,No_Detectado,0.0
844.0,No_Detectado,0.0
846.0,No_Detectado,0.0
848.0,No_Detectado,0.0
850.0,No_Detectado,0.0
852.0,No_Detectado,0.0
854.0,No_Detectado,0.0
856.0,No_Detectado,0.0
858.0,No_Detectado,0.0
860.0,No_Detectado,0.0
862.0,No_Detectado,0.0
864.0,No_Detectado,0.0
866.0,No_Detectado,0.0
868.0,No_Detectado,0.0
870.0,No_Detectado,0.0
872.0,No_Detectado,0.0
874.0,No_Detectado,0.0
876.0,No_Detectado,0.0
878.0,No_Detectado,0.0
880.0,No_Detectado,0.0
882.0,No_Detectado,0.0
884.0,No_Detectado,0.0
886.0,No_Detectado,0.0
888.0,No_Detectado,0.0
890.0,No_Detectado,0.0
892.0,No_Detectado,0.0
894.0,No_Detectado,0.0
896.0,No_Detectado,0.0
898.0,No_Detectado,0.0
900.0,No_Detectado,0.0
902.0,No_Detectado,0.0
904.0,No_Detectado,0.0
906.0,No_Detectado,0.0
908.0,No_Detectado,0.0
910.0,No_Detectado,0.0
912.0,No_Detectado,0.0
914.0,No_Detectado,0.0
916.0,No_Detectado,0.0
918.0,No_Detectado,0.0
920.0,No_Detectado,0.0
922.0,No_Detectado,0.0
924.0,No_Detectado,0.0
926.0,No_Detectado,0.0
928.0,No_Detectado,0.0
930.0,Neutral,0.2793872654438019
932.0,Happy,0.8230825662612915
934.0,Sad,0.3157345652580261
936.0,No_Detectado,0.0
938.0,No_Detectado,0.0
940.0,No_Detectado,0.0
942.0,No_Detectado,0.0
944.0,No_Detectado,0.0
946.0,No_Detectado,0.0
948.0,Sad,0.3129527270793915
950.0,No_Detectado,0.0
952.0,No_Detectado,0.0
954.0,No_Detectado,0.0
956.0,No_Detectado,0.0
958.0,No_Detectado,0.0
960.0,No_Detectado,0.0
962.0,No_Detectado,0.0
964.0,No_Detectado,0.0
966.0,No_Detectado,0.0
968.0,No_Detectado,0.0
970.0,No_Detectado,0.0
972.0,No_Detectado,0.0
974.0,No_Detectado,0.0
976.0,No_Detectado,0.0
978.0,No_Detectado,0.0
980.0,No_Detectado,0.0
982.0,No_Detectado,0.0
984.0,No_Detectado,0.0
986.0,No_Detectado,0.0
988.0,No_Detectado,0.0
990.0,No_Detectado,0.0
992.0,No_Detectado,0.0
994.0,No_Detectado,0.0
996.0,No_Detectado,0.0
998.0,No_Detectado,0.0
1000.0,No_Detectado,0.0
1002.0,No_Detectado,0.0
1004.0,No_Detectado,0.0
1006.0,No_Detectado,0.0
1008.0,No_Detectado,0.0
1010.0,No_Detectado,0.0
1012.0,No_Detectado,0.0
1014.0,No_Detectado,0.0
1016.0,No_Detectado,0.0
1018.0,No_Detectado,0.0
1020.0,No_Detectado,0.0
1022.0,No_Detectado,0.0
1024.0,No_Detectado,0.0
1026.0,No_Detectado,0.0
1028.0,No_Detectado,0.0
1030.0,No_Detectado,0.0
1032.0,Happy,0.5763518810272217
1034.0,No_Detectado,0.0
1036.0,No_Detectado,0.0
1038.0,No_Detectado,0.0
1040.0,No_Detectado,0.0
1042.0,No_Detectado,0.0
1044.0,No_Detectado,0.0
1046.0,No_Detectado,0.0
1048.0,No_Detectado,0.0
1050.0,No_Detectado,0.0
1052.0,No_Detectado,0.0
1054.0,No_Detectado,0.0
1056.0,No_Detectado,0.0
1058.0,No_Detectado,0.0
1060.0,No_Detectado,0.0
1062.0,No_Detectado,0.0
1064.0,No_Detectado,0.0
1066.0,No_Detectado,0.0
1068.0,No_Detectado,0.0
1070.0,No_Detectado,0.0
1072.0,No_Detectado,0.0
1074.0,No_Detectado,0.0
1076.0,No_Detectado,0.0
1078.0,No_Detectado,0.0
1080.0,No_Detectado,0.0
1082.0,No_Detectado,0.0
1084.0,No_Detectado,0.0
1086.0,No_Detectado,0.0
1088.0,No_Detectado,0.0
1090.0,No_Detectado,0.0
1092.0,No_Detectado,0.0
1094.0,No_Detectado,0.0
1096.0,No_Detectado,0.0
1098.0,No_Detectado,0.0
1100.0,No_Detectado,0.0
1102.0,No_Detectado,0.0
1104.0,No_Detectado,0.0
1106.0,No_Detectado,0.0
1108.0,No_Detectado,0.0
1110.0,No_Detectado,0.0
1112.0,No_Detectado,0.0
1114.0,No_Detectado,0.0
1116.0,No_Detectado,0.0
1118.0,No_Detectado,0.0
1120.0,No_Detectado,0.0
1122.0,No_Detectado,0.0
1124.0,No_Detectado,0.0
1126.0,No_Detectado,0.0
1128.0,No_Detectado,0.0
1130.0,No_Detectado,0.0
1132.0,No_Detectado,0.0
1134.0,No_Detectado,0.0
1136.0,No_Detectado,0.0
1138.0,No_Detectado,0.0
1140.0,No_Detectado,0.0
1142.0,No_Detectado,0.0
1144.0,No_Detectado,0.0
1146.0,No_Detectado,0.0
1148.0,No_Detectado,0.0
1150.0,No_Detectado,0.0
1152.0,No_Detectado,0.0
1154.0,Fear,0.27465730905532837
1156.0,No_Detectado,0.0
1158.0,No_Detectado,0.0
1160.0,No_Detectado,0.0
1162.0,No_Detectado,0.0
1164.0,No_Detectado,0.0
1166.0,No_Detectado,0.0
1168.0,No_Detectado,0.0
1170.0,No_Detectado,0.0
1172.0,No_Detectado,0.0
1174.0,No_Detectado,0.0
1176.0,No_Detectado,0.0
1178.0,No_Detectado,0.0
1180.0,No_Detectado,0.0
1182.0,No_Detectado,0.0
1184.0,Sad,0.276262491941452
1186.0,Fear,0.2858723998069763
1188.0,No_Detectado,0.0
1190.0,No_Detectado,0.0
1192.0,Sad,0.375957727432251
1194.0,No_Detectado,0.0
1196.0,No_Detectado,0.0
1198.0,Sad,0.393207311630249
1200.0,Sad,0.27571138739585876
1202.0,Happy,0.6004431843757629
1204.0,No_Detectado,0.0
1206.0,No_Detectado,0.0
1208.0,Sad,0.3261531889438629
1210.0,No_Detectado,0.0
1212.0,No_Detectado,0.0
1214.0,No_Detectado,0.0
1216.0,No_Detectado,0.0
1218.0,No_Detectado,0.0
1220.0,No_Detectado,0.0
1222.0,No_Detectado,0.0
1224.0,No_Detectado,0.0
1226.0,No_Detectado,0.0
1228.0,No_Detectado,0.0
1230.0,No_Detectado,0.0
1232.0,No_Detectado,0.0
1234.0,No_Detectado,0.0
1236.0,No_Detectado,0.0
1238.0,No_Detectado,0.0
1240.0,No_Detectado,0.0
1242.0,No_Detectado,0.0
1244.0,No_Detectado,0.0
1246.0,No_Detectado,0.0
1248.0,No_Detectado,0.0
1250.0,No_Detectado,0.0
1252.0,No_Detectado,0.0
1254.0,No_Detectado,0.0
1256.0,No_Detectado,0.0
1258.0,No_Detectado,0.0
1260.0,No_Detectado,0.0
1262.0,No_Detectado,0.0
1264.0,No_Detectado,0.0
1266.0,No_Detectado,0.0
1268.0,No_Detectado,0.0
1270.0,No_Detectado,0.0
1272.0,No_Detectado,0.0
1274.0,No_Detectado,0.0
1276.0,No_Detectado,0.0
1278.0,No_Detectado,0.0
1280.0,No_Detectado,0.0
1282.0,No_Detectado,0.0
1284.0,No_Detectado,0.0
1286.0,No_Detectado,0.0
1288.0,No_Detectado,0.0
1290.0,No_Detectado,0.0
1292.0,No_Detectado,0.0
1294.0,No_Detectado,0.0
1296.0,No_Detectado,0.0
1298.0,No_Detectado,0.0
1300.0,Sad,0.3009324073791504
1302.0,No_Detectado,0.0
1304.0,No_Detectado,0.0
1306.0,No_Detectado,0.0
1308.0,No_Detectado,0.0
1310.0,No_Detectado,0.0
1312.0,No_Detectado,0.0
1314.0,No_Detectado,0.0
1316.0,No_Detectado,0.0
1318.0,Happy,0.33062639832496643
1320.0,No_Detectado,0.0
1322.0,Sad,0.36024269461631775
1324.0,No_Detectado,0.0
1326.0,Sad,0.3264922499656677
1328.0,No_Detectado,0.0
1330.0,No_Detectado,0.0
1332.0,No_Detectado,0.0
1334.0,No_Detectado,0.0
1336.0,No_Detectado,0.0
1338.0,No_Detectado,0.0
1340.0,Sad,0.24335964024066925
1342.0,No_Detectado,0.0
1344.0,No_Detectado,0.0
1346.0,No_Detectado,0.0
1348.0,No_Detectado,0.0
1350.0,No_Detectado,0.0
1352.0,No_Detectado,0.0
1354.0,No_Detectado,0.0
1356.0,No_Detectado,0.0
1358.0,No_Detectado,0.0
1360.0,No_Detectado,0.0
1362.0,No_Detectado,0.0
1364.0,No_Detectado,0.0
1366.0,No_Detectado,0.0
1368.0,No_Detectado,0.0
1370.0,No_Detectado,0.0
1372.0,No_Detectado,0.0
1374.0,No_Detectado,0.0
1376.0,No_Detectado,0.0
1378.0,No_Detectado,0.0
1380.0,No_Detectado,0.0
1382.0,No_Detectado,0.0
1384.0,No_Detectado,0.0
1386.0,No_Detectado,0.0
1388.0,No_Detectado,0.0
1390.0,No_Detectado,0.0
1392.0,No_Detectado,0.0
1394.0,No_Detectado,0.0
1396.0,No_Detectado,0.0
1398.0,Fear,0.2600221633911133
1400.0,Fear,0.2600221633911133
1402.0,Fear,0.2600221633911133
1404.0,Fear,0.573895275592804
1406.0,Fear,0.5784083008766174
1408.0,Fear,0.5853140354156494
1410.0,Sad,0.3175213038921356
1412.0,No_Detectado,0.0
1414.0,No_Detectado,0.0
1416.0,No_Detectado,0.0
1418.0,No_Detectado,0.0
1420.0,No_Detectado,0.0
1422.0,No_Detectado,0.0
1424.0,No_Detectado,0.0
1426.0,No_Detectado,0.0
1428.0,No_Detectado,0.0
1430.0,No_Detectado,0.0
1432.0,No_Detectado,0.0
1434.0,No_Detectado,0.0
1436.0,No_Detectado,0.0
1438.0,No_Detectado,0.0
1440.0,No_Detectado,0.0
1442.0,No_Detectado,0.0
1444.0,No_Detectado,0.0
1446.0,No_Detectado,0.0
1448.0,No_Detectado,0.0
1450.0,Neutral,0.3010315001010895
1452.0,No_Detectado,0.0
1454.0,No_Detectado,0.0
1456.0,No_Detectado,0.0
1458.0,No_Detectado,0.0
1460.0,No_Detectado,0.0
1462.0,No_Detectado,0.0
1464.0,No_Detectado,0.0
1466.0,No_Detectado,0.0
1468.0,No_Detectado,0.0
1470.0,Happy,0.31600600481033325
1472.0,No_Detectado,0.0
1474.0,No_Detectado,0.0
1476.0,No_Detectado,0.0
1478.0,No_Detectado,0.0
1480.0,No_Detectado,0.0
1482.0,No_Detectado,0.0
1484.0,No_Detectado,0.0
1486.0,No_Detectado,0.0
1488.0,No_Detectado,0.0
1490.0,No_Detectado,0.0
1492.0,Fear,0.3759085237979889
1494.0,No_Detectado,0.0
1496.0,No_Detectado,0.0
1498.0,No_Detectado,0.0
1500.0,No_Detectado,0.0
1502.0,No_Detectado,0.0
1504.0,No_Detectado,0.0
1506.0,No_Detectado,0.0
1508.0,No_Detectado,0.0
1510.0,No_Detectado,0.0
1512.0,No_Detectado,0.0
1514.0,Sad,0.3236653506755829
1516.0,No_Detectado,0.0
1518.0,Sad,0.3693481385707855
1520.0,No_Detectado,0.0
1522.0,Sad,0.22639141976833344
1524.0,No_Detectado,0.0
1526.0,No_Detectado,0.0
1528.0,No_Detectado,0.0
1530.0,No_Detectado,0.0
1532.0,No_Detectado,0.0
1534.0,No_Detectado,0.0
1536.0,No_Detectado,0.0
1538.0,No_Detectado,0.0
1540.0,No_Detectado,0.0
1542.0,No_Detectado,0.0
1544.0,No_Detectado,0.0
1546.0,No_Detectado,0.0
1548.0,No_Detectado,0.0
1550.0,No_Detectado,0.0
1552.0,No_Detectado,0.0
1554.0,No_Detectado,0.0
1556.0,No_Detectado,0.0
1558.0,No_Detectado,0.0
1560.0,Sad,0.266965389251709
1562.0,No_Detectado,0.0
1564.0,No_Detectado,0.0
1566.0,No_Detectado,0.0
1568.0,Sad,0.37021222710609436
1570.0,No_Detectado,0.0
1572.0,No_Detectado,0.0
1574.0,No_Detectado,0.0
1576.0,No_Detectado,0.0
1578.0,No_Detectado,0.0
1580.0,No_Detectado,0.0
1582.0,No_Detectado,0.0
1584.0,No_Detectado,0.0
1586.0,No_Detectado,0.0
1588.0,No_Detectado,0.0
1590.0,No_Detectado,0.0
1592.0,No_Detectado,0.0
1594.0,No_Detectado,0.0
1596.0,No_Detectado,0.0
1598.0,No_Detectado,0.0
1600.0,No_Detectado,0.0
1602.0,No_Detectado,0.0
1604.0,No_Detectado,0.0
1606.0,No_Detectado,0.0
1608.0,No_Detectado,0.0
1610.0,No_Detectado,0.0
1612.0,No_Detectado,0.0
1614.0,No_Detectado,0.0
1616.0,No_Detectado,0.0
1618.0,No_Detectado,0.0
1620.0,No_Detectado,0.0
1622.0,No_Detectado,0.0
1624.0,No_Detectado,0.0
1626.0,No_Detectado,0.0
1628.0,No_Detectado,0.0
1630.0,No_Detectado,0.0
1632.0,No_Detectado,0.0
1634.0,No_Detectado,0.0
1636.0,No_Detectado,0.0
1638.0,No_Detectado,0.0
1640.0,No_Detectado,0.0
1642.0,No_Detectado,0.0
1644.0,No_Detectado,0.0
1646.0,No_Detectado,0.0
1648.0,No_Detectado,0.0
1650.0,No_Detectado,0.0
1652.0,No_Detectado,0.0
1654.0,No_Detectado,0.0
1656.0,No_Detectado,0.0
1658.0,No_Detectado,0.0
1660.0,No_Detectado,0.0
1662.0,No_Detectado,0.0
1664.0,No_Detectado,0.0
1666.0,No_Detectado,0.0
1668.0,No_Detectado,0.0
1670.0,No_Detectado,0.0
1672.0,No_Detectado,0.0
1674.0,Sad,0.39227086305618286
1676.0,No_Detectado,0.0
1678.0,No_Detectado,0.0
1680.0,No_Detectado,0.0
1682.0,No_Detectado,0.0
1684.0,No_Detectado,0.0
1686.0,No_Detectado,0.0
1688.0,No_Detectado,0.0
1690.0,No_Detectado,0.0
1692.0,No_Detectado,0.0
1694.0,No_Detectado,0.0
1696.0,No_Detectado,0.0
1698.0,Sad,0.3491871953010559
1700.0,No_Detectado,0.0
1702.0,No_Detectado,0.0
1704.0,No_Detectado,0.0
1706.0,No_Detectado,0.0
1708.0,No_Detectado,0.0
1710.0,No_Detectado,0.0
1712.0,No_Detectado,0.0
1714.0,No_Detectado,0.0
1716.0,No_Detectado,0.0
1718.0,No_Detectado,0.0
1720.0,No_Detectado,0.0
1722.0,No_Detectado,0.0
1724.0,No_Detectado,0.0
1726.0,No_Detectado,0.0
1728.0,Sad,0.3114529550075531
1730.0,No_Detectado,0.0
1732.0,No_Detectado,0.0
1734.0,Sad,0.3443206250667572
1736.0,No_Detectado,0.0
1738.0,No_Detectado,0.0
1740.0,Sad,0.39325791597366333
1742.0,No_Detectado,0.0
1744.0,Sad,0.47282305359840393
1746.0,Neutral,0.2529468238353729
1748.0,Sad,0.29244351387023926
1750.0,No_Detectado,0.0
1752.0,No_Detectado,0.0
1754.0,No_Detectado,0.0
1756.0,No_Detectado,0.0
1758.0,No_Detectado,0.0
1760.0,No_Detectado,0.0
1762.0,No_Detectado,0.0
1764.0,No_Detectado,0.0
1766.0,No_Detectado,0.0
1768.0,No_Detectado,0.0
1770.0,No_Detectado,0.0
1772.0,No_Detectado,0.0
1774.0,No_Detectado,0.0
1776.0,Happy,0.41310736536979675
1778.0,No_Detectado,0.0
1780.0,No_Detectado,0.0
1782.0,No_Detectado,0.0
1784.0,No_Detectado,0.0
1786.0,No_Detectado,0.0
1788.0,No_Detectado,0.0
1790.0,No_Detectado,0.0
1792.0,No_Detectado,0.0
1794.0,No_Detectado,0.0
1796.0,No_Detectado,0.0
1798.0,No_Detectado,0.0
1800.0,No_Detectado,0.0
1802.0,No_Detectado,0.0
1804.0,No_Detectado,0.0
1806.0,No_Detectado,0.0
1808.0,No_Detectado,0.0
1810.0,No_Detectado,0.0
1812.0,No_Detectado,0.0
1814.0,No_Detectado,0.0
1816.0,No_Detectado,0.0
1818.0,No_Detectado,0.0
1820.0,No_Detectado,0.0
1822.0,No_Detectado,0.0
1824.0,No_Detectado,0.0
1826.0,No_Detectado,0.0
1828.0,No_Detectado,0.0
1830.0,No_Detectado,0.0
1832.0,No_Detectado,0.0
1834.0,No_Detectado,0.0
1836.0,No_Detectado,0.0
1838.0,No_Detectado,0.0
1840.0,No_Detectado,0.0
1842.0,No_Detectado,0.0
1844.0,No_Detectado,0.0
1846.0,No_Detectado,0.0
1848.0,No_Detectado,0.0
1850.0,No_Detectado,0.0
1852.0,No_Detectado,0.0
1854.0,No_Detectado,0.0
1856.0,No_Detectado,0.0
1858.0,No_Detectado,0.0
1860.0,No_Detectado,0.0
1862.0,No_Detectado,0.0
1864.0,No_Detectado,0.0
1866.0,No_Detectado,0.0
1868.0,No_Detectado,0.0
1870.0,No_Detectado,0.0
1872.0,No_Detectado,0.0
1874.0,No_Detectado,0.0
1876.0,No_Detectado,0.0
1878.0,No_Detectado,0.0
1880.0,No_Detectado,0.0
1882.0,No_Detectado,0.0
1884.0,No_Detectado,0.0
1886.0,Sad,0.34535759687423706
1888.0,No_Detectado,0.0
1890.0,No_Detectado,0.0
1892.0,No_Detectado,0.0
1894.0,No_Detectado,0.0
1896.0,No_Detectado,0.0
1898.0,No_Detectado,0.0
1900.0,No_Detectado,0.0
1902.0,No_Detectado,0.0
1904.0,No_Detectado,0.0
1906.0,No_Detectado,0.0
1908.0,No_Detectado,0.0
1910.0,No_Detectado,0.0
1912.0,No_Detectado,0.0
1914.0,No_Detectado,0.0
1916.0,No_Detectado,0.0
1918.0,No_Detectado,0.0
1920.0,No_Detectado,0.0
1922.0,No_Detectado,0.0
1924.0,No_Detectado,0.0
1926.0,No_Detectado,0.0
1928.0,No_Detectado,0.0
1930.0,No_Detectado,0.0
1932.0,No_Detectado,0.0
1934.0,Sad,0.30477309226989746
1936.0,No_Detectado,0.0
1938.0,No_Detectado,0.0
1940.0,No_Detectado,0.0
1942.0,No_Detectado,0.0
1944.0,No_Detectado,0.0
1946.0,No_Detectado,0.0
1948.0,No_Detectado,0.0
1950.0,No_Detectado,0.0
1952.0,No_Detectado,0.0
1954.0,No_Detectado,0.0
1956.0,No_Detectado,0.0
1958.0,No_Detectado,0.0
1960.0,No_Detectado,0.0
1962.0,No_Detectado,0.0
1964.0,No_Detectado,0.0
1966.0,No_Detectado,0.0
1968.0,No_Detectado,0.0
1970.0,No_Detectado,0.0
1972.0,No_Detectado,0.0
1974.0,No_Detectado,0.0
1976.0,No_Detectado,0.0
1978.0,Sad,0.3369503319263458
1980.0,Sad,0.38756585121154785
1982.0,No_Detectado,0.0
1984.0,No_Detectado,0.0
1986.0,No_Detectado,0.0
1988.0,No_Detectado,0.0
1990.0,No_Detectado,0.0
1992.0,No_Detectado,0.0
1994.0,No_Detectado,0.0
1996.0,No_Detectado,0.0
1998.0,No_Detectado,0.0
2000.0,No_Detectado,0.0
2002.0,No_Detectado,0.0
2004.0,Neutral,0.3010660409927368
2006.0,Sad,0.35276249051094055
2008.0,No_Detectado,0.0
2010.0,No_Detectado,0.0
2012.0,No_Detectado,0.0
2014.0,No_Detectado,0.0
2016.0,No_Detectado,0.0
2018.0,No_Detectado,0.0
2020.0,No_Detectado,0.0
2022.0,No_Detectado,0.0
2024.0,No_Detectado,0.0
2026.0,No_Detectado,0.0
2028.0,No_Detectado,0.0
2030.0,No_Detectado,0.0
2032.0,No_Detectado,0.0
2034.0,Happy,0.3695237338542938
2036.0,No_Detectado,0.0
2038.0,No_Detectado,0.0
2040.0,No_Detectado,0.0
2042.0,Sad,0.37852612137794495
2044.0,No_Detectado,0.0
2046.0,No_Detectado,0.0
2048.0,No_Detectado,0.0
2050.0,No_Detectado,0.0
2052.0,No_Detectado,0.0
2054.0,No_Detectado,0.0
2056.0,No_Detectado,0.0
2058.0,No_Detectado,0.0
2060.0,No_Detectado,0.0
2062.0,Sad,0.4212312400341034
2064.0,No_Detectado,0.0
2066.0,Sad,0.46670281887054443
2068.0,No_Detectado,0.0
2070.0,No_Detectado,0.0
2072.0,No_Detectado,0.0
2074.0,No_Detectado,0.0
2076.0,No_Detectado,0.0
2078.0,No_Detectado,0.0
2080.0,Sad,0.3310794532299042
2082.0,No_Detectado,0.0
2084.0,No_Detectado,0.0
2086.0,No_Detectado,0.0
2088.0,No_Detectado,0.0
2090.0,No_Detectado,0.0
2092.0,No_Detectado,0.0
2094.0,No_Detectado,0.0
2096.0,No_Detectado,0.0
2098.0,No_Detectado,0.0
2100.0,No_Detectado,0.0
2102.0,No_Detectado,0.0
2104.0,No_Detectado,0.0
2106.0,No_Detectado,0.0
2108.0,No_Detectado,0.0
2110.0,No_Detectado,0.0
2112.0,No_Detectado,0.0
2114.0,No_Detectado,0.0
2116.0,No_Detectado,0.0
2118.0,No_Detectado,0.0
2120.0,No_Detectado,0.0
2122.0,Sad,0.4204065799713135
2124.0,No_Detectado,0.0
2126.0,No_Detectado,0.0
2128.0,No_Detectado,0.0
2130.0,No_Detectado,0.0
2132.0,No_Detectado,0.0
2134.0,No_Detectado,0.0
2136.0,No_Detectado,0.0
2138.0,No_Detectado,0.0
2140.0,No_Detectado,0.0
2142.0,No_Detectado,0.0
2144.0,No_Detectado,0.0
2146.0,No_Detectado,0.0
2148.0,Sad,0.42328986525535583
2150.0,No_Detectado,0.0
2152.0,Sad,0.36459121108055115
2154.0,Sad,0.3271598815917969
2156.0,No_Detectado,0.0
2158.0,No_Detectado,0.0
2160.0,No_Detectado,0.0
2162.0,No_Detectado,0.0
2164.0,No_Detectado,0.0
2166.0,No_Detectado,0.0
2168.0,No_Detectado,0.0
2170.0,Sad,0.358619749546051
2172.0,No_Detectado,0.0
2174.0,No_Detectado,0.0
2176.0,No_Detectado,0.0
2178.0,Sad,0.28482410311698914
2180.0,Sad,0.2923939824104309
2182.0,No_Detectado,0.0
2184.0,No_Detectado,0.0
2186.0,No_Detectado,0.0
2188.0,No_Detectado,0.0
2190.0,No_Detectado,0.0
2192.0,No_Detectado,0.0
2194.0,No_Detectado,0.0
2196.0,No_Detectado,0.0
2198.0,No_Detectado,0.0
2200.0,Happy,0.3040474057197571
2202.0,No_Detectado,0.0
2204.0,No_Detectado,0.0
2206.0,No_Detectado,0.0
2208.0,No_Detectado,0.0
2210.0,No_Detectado,0.0
2212.0,Happy,0.2838471531867981
2214.0,No_Detectado,0.0
2216.0,No_Detectado,0.0
2218.0,No_Detectado,0.0
2220.0,Sad,0.366405189037323
2222.0,Sad,0.29718947410583496
2224.0,Fear,0.2521023154258728
2226.0,No_Detectado,0.0
2228.0,No_Detectado,0.0
2230.0,Happy,0.432354599237442
2232.0,No_Detectado,0.0
2234.0,Sad,0.3580176830291748
2236.0,No_Detectado,0.0
2238.0,No_Detectado,0.0
2240.0,No_Detectado,0.0
2242.0,No_Detectado,0.0
2244.0,No_Detectado,0.0
2246.0,No_Detectado,0.0
2248.0,No_Detectado,0.0
2250.0,Sad,0.3270206153392792
2252.0,Neutral,0.2882673144340515
2254.0,Sad,0.25327616930007935
2256.0,No_Detectado,0.0
2258.0,No_Detectado,0.0
2260.0,No_Detectado,0.0
2262.0,No_Detectado,0.0
2264.0,No_Detectado,0.0
2266.0,No_Detectado,0.0
2268.0,No_Detectado,0.0
2270.0,No_Detectado,0.0
2272.0,No_Detectado,0.0
2274.0,No_Detectado,0.0
2276.0,No_Detectado,0.0
2278.0,No_Detectado,0.0
2280.0,Sad,0.36588865518569946
2282.0,Sad,0.397001177072525
2282.0,Neutral,0.62937992811203
2284.0,Sad,0.3434530198574066
2286.0,Sad,0.3434530198574066
2288.0,Sad,0.3434530198574066
2290.0,Sad,0.34503060579299927
2292.0,Sad,0.34503060579299927
2294.0,Sad,0.34503060579299927
2296.0,Sad,0.3062218427658081
2298.0,Sad,0.3062218427658081
2300.0,Sad,0.3062218427658081
2302.0,Sad,0.3543914258480072
2304.0,Sad,0.3543914258480072
2306.0,Sad,0.35639023780822754
2308.0,Sad,0.37305569648742676
2308.0,Sad,0.35639023780822754
2310.0,Sad,0.35639023780822754
2312.0,Neutral,0.43190324306488037
2314.0,Neutral,0.43190324306488037
2316.0,Neutral,0.43190324306488037
2318.0,Sad,0.33717748522758484
2320.0,Sad,0.33717748522758484
2322.0,Sad,0.3864673674106598
2324.0,Sad,0.3864673674106598
2326.0,Sad,0.3864673674106598
2328.0,Sad,0.34450340270996094
2330.0,Sad,0.34450340270996094
2332.0,Sad,0.34450340270996094
2334.0,Neutral,0.5412020683288574
2336.0,Neutral,0.5412020683288574
2338.0,Neutral,0.5412020683288574
2340.0,Sad,0.36679545044898987
2342.0,Sad,0.36679545044898987
2344.0,Neutral,0.6093088984489441
2346.0,Neutral,0.6093088984489441
2348.0,Neutral,0.6093088984489441
2350.0,Sad,0.36052703857421875
2352.0,Sad,0.36052703857421875
2354.0,Sad,0.36052703857421875
2356.0,Neutral,0.4189439117908478
2358.0,Neutral,0.4271644353866577
2360.0,Neutral,0.4438653588294983
2362.0,Neutral,0.4439290761947632
2364.0,Neutral,0.4439290761947632
2366.0,Neutral,0.5581875443458557
2368.0,Neutral,0.5581875443458557
2370.0,Neutral,0.5581875443458557
2372.0,Sad,0.3170698583126068
2374.0,Sad,0.3170698583126068
2376.0,No_Detectado,0.0
2378.0,No_Detectado,0.0
2380.0,No_Detectado,0.0
2382.0,No_Detectado,0.0
2384.0,No_Detectado,0.0
2386.0,No_Detectado,0.0
2388.0,No_Detectado,0.0
2390.0,No_Detectado,0.0
2392.0,No_Detectado,0.0
2394.0,No_Detectado,0.0
2396.0,Happy,0.3418762683868408
2398.0,No_Detectado,0.0
2400.0,No_Detectado,0.0
2402.0,No_Detectado,0.0
2404.0,No_Detectado,0.0
2406.0,No_Detectado,0.0
2408.0,No_Detectado,0.0
2410.0,No_Detectado,0.0
2412.0,No_Detectado,0.0
2414.0,No_Detectado,0.0
2416.0,No_Detectado,0.0
2418.0,No_Detectado,0.0
2420.0,No_Detectado,0.0
2422.0,No_Detectado,0.0
2424.0,No_Detectado,0.0
2426.0,No_Detectado,0.0
2428.0,No_Detectado,0.0
2430.0,No_Detectado,0.0
2432.0,No_Detectado,0.0
2434.0,No_Detectado,0.0
2436.0,No_Detectado,0.0
2438.0,No_Detectado,0.0
2440.0,No_Detectado,0.0
2442.0,No_Detectado,0.0
2444.0,No_Detectado,0.0
2446.0,No_Detectado,0.0
2448.0,No_Detectado,0.0
2450.0,No_Detectado,0.0
2452.0,No_Detectado,0.0
2454.0,No_Detectado,0.0
2456.0,No_Detectado,0.0
2458.0,No_Detectado,0.0
2460.0,Happy,0.31356972455978394
2462.0,Happy,0.6894269585609436
2464.0,No_Detectado,0.0
2466.0,No_Detectado,0.0
2468.0,No_Detectado,0.0
2470.0,No_Detectado,0.0
2472.0,No_Detectado,0.0
2474.0,No_Detectado,0.0
2476.0,No_Detectado,0.0
2478.0,No_Detectado,0.0
2480.0,No_Detectado,0.0
2482.0,No_Detectado,0.0
2484.0,No_Detectado,0.0
2486.0,No_Detectado,0.0
2488.0,Happy,0.5203154683113098
2490.0,No_Detectado,0.0
2492.0,No_Detectado,0.0
2494.0,Sad,0.26669082045555115
2496.0,No_Detectado,0.0
2498.0,No_Detectado,0.0
2500.0,No_Detectado,0.0
2502.0,No_Detectado,0.0
2504.0,No_Detectado,0.0
2506.0,No_Detectado,0.0
2508.0,No_Detectado,0.0
2510.0,No_Detectado,0.0
2512.0,No_Detectado,0.0
2514.0,No_Detectado,0.0
2516.0,No_Detectado,0.0
2518.0,No_Detectado,0.0
2520.0,No_Detectado,0.0
2522.0,No_Detectado,0.0
2524.0,No_Detectado,0.0
2526.0,No_Detectado,0.0
2528.0,No_Detectado,0.0
2530.0,No_Detectado,0.0
2532.0,No_Detectado,0.0
2534.0,No_Detectado,0.0
2536.0,No_Detectado,0.0
2538.0,No_Detectado,0.0
2540.0,No_Detectado,0.0
2542.0,No_Detectado,0.0
2544.0,No_Detectado,0.0
2546.0,No_Detectado,0.0
2548.0,No_Detectado,0.0
2550.0,No_Detectado,0.0
2552.0,No_Detectado,0.0
2554.0,No_Detectado,0.0
2556.0,No_Detectado,0.0
2558.0,No_Detectado,0.0
2560.0,Neutral,0.3780992925167084
2562.0,No_Detectado,0.0
2564.0,No_Detectado,0.0
2566.0,No_Detectado,0.0
2568.0,No_Detectado,0.0
2570.0,No_Detectado,0.0
2572.0,No_Detectado,0.0
2574.0,No_Detectado,0.0
2576.0,No_Detectado,0.0
2578.0,No_Detectado,0.0
2580.0,No_Detectado,0.0
2582.0,No_Detectado,0.0
2584.0,No_Detectado,0.0
2586.0,No_Detectado,0.0
2588.0,No_Detectado,0.0
2590.0,No_Detectado,0.0
2592.0,Fear,0.2898828387260437
2594.0,Fear,0.33438488841056824
2596.0,No_Detectado,0.0
2598.0,No_Detectado,0.0
2600.0,No_Detectado,0.0
2602.0,No_Detectado,0.0
2604.0,No_Detectado,0.0
2606.0,No_Detectado,0.0
2608.0,No_Detectado,0.0
2610.0,No_Detectado,0.0
2612.0,No_Detectado,0.0
2614.0,No_Detectado,0.0
2616.0,No_Detectado,0.0
2618.0,No_Detectado,0.0
2620.0,No_Detectado,0.0
2622.0,No_Detectado,0.0
2624.0,No_Detectado,0.0
2626.0,No_Detectado,0.0
2628.0,No_Detectado,0.0
2630.0,No_Detectado,0.0
2632.0,No_Detectado,0.0
2634.0,Neutral,0.2499689757823944
2636.0,Sad,0.2502294182777405
2638.0,No_Detectado,0.0
2640.0,No_Detectado,0.0
2642.0,No_Detectado,0.0
2644.0,Happy,0.3595156669616699
2646.0,No_Detectado,0.0
2648.0,Sad,0.26189985871315
2650.0,Happy,0.3300212025642395
2652.0,No_Detectado,0.0
2654.0,Happy,0.4154229462146759
2656.0,No_Detectado,0.0
2658.0,No_Detectado,0.0
2660.0,Sad,0.2489020675420761
2662.0,No_Detectado,0.0
2664.0,No_Detectado,0.0
2666.0,Sad,0.26000872254371643
2668.0,No_Detectado,0.0
2670.0,No_Detectado,0.0
2672.0,No_Detectado,0.0
2674.0,No_Detectado,0.0
2676.0,No_Detectado,0.0
2678.0,No_Detectado,0.0
